lastname|name|patronymic|date_of_birth|id
Chung|Robert|Kayla|09.06.1965|bb936066-0d63-4ec1-abd6-0ddee61597c9
Walker|Laura|Taylor|07.01.1959|83c3fd60-2977-4acc-9709-595b81c65695
Baldwin|Cindy|Karen|26.06.1955|e9aca2af-0fec-4dc2-b131-6bf13a968cd1
Martinez|Sharon|Natasha|20.05.1955|b83d60e1-3e53-4a82-8a35-83eb295a3fd0
Soto|William|Nichole|22.01.2005|6b753085-5aba-4d2f-a556-51d715833379
Allen|Michele|Gregory|15.04.1979|80721649-c55e-4848-ab49-f84919e1cbb3
Blankenship|Shannon|Kelly|03.02.1975|e01e6bab-b3d7-4aaf-98be-9cb6327a2244
Smith|Mario|Victoria|21.02.1985|cea46c22-5660-409a-a18c-539348881077
Hernandez|Jeffrey|Elizabeth|15.07.1953|1edb7f33-45ab-4540-bc16-f30e26cedf08
Coleman|Melanie|Jason|22.04.1964|271fd45b-a72b-46ef-9e25-e0c3cb74dc35
Simmons|Jordan|Jessica|25.11.1958|e3801364-ade5-4026-a0de-97ade4cece47
Cisneros|Leslie|Bradley|29.09.1964|50b7b6da-ef10-4704-bdad-7f4427b3621d
Hess|Kristina|Madison|07.09.1991|9b4908c1-7332-48a2-874a-79d0d3077a26
Taylor|Jeremiah|Brian|14.12.1953|d6d0ef9b-6416-4fc1-a081-db49b45cf427
Mckee|Deborah|Michelle|27.02.1988|eff1c31c-5058-4d3a-ad81-6705d8fb9113
Gonzalez|Anthony|Teresa|23.09.1969|b6d29cc0-8ab0-453b-be02-78cf4b2da8e3
May|William|Erin|24.11.1983|79ac019a-c472-4565-a346-afe7cfa42d49
Johnson|Joel|Joseph|14.10.1980|668fd21c-8ddb-42f5-96c9-c536ee451936
Phillips|Darren|Matthew|17.05.1963|9b4908c1-7332-48a2-874a-79d0d3077a26
Fields|Julia|Elizabeth|03.03.1964|ea4383bb-9356-46d3-b04b-a3570977ad21
Page|Paul|Alexa|31.07.1959|79ac019a-c472-4565-a346-afe7cfa42d49
Rodgers|Molly|Joyce|30.10.1988|cc0dc1b8-096c-4908-86e6-759f5509a71a
Wilkinson|Thomas|Evelyn|02.01.1978|0bd27054-9253-4f5f-aa17-20388fe95d00
Lee|Nicole|Heather|01.12.1984|2c2821be-19a7-4ffa-b0cd-81dd2c18b05a
Lindsey|Natasha|Samantha|13.07.1997|14f6ffd9-472e-46f4-8965-ecf581f215cd
Long|Elizabeth|Pamela|23.12.1988|17d6f376-b726-4df6-8b8d-29b9a690e04d
Wagner|Shane|David|09.12.1984|a169de6e-36fa-4e79-a870-b7fba50a4691
Cook|Rebecca|Casey|25.03.2005|5fd80ca5-dc71-48f4-a7ba-0988e75d7774
Johnson|Tammy|Crystal|14.03.1950|80721649-c55e-4848-ab49-f84919e1cbb3
Mccann|Heather|Jordan|25.09.1995|5604a790-ccb6-4c5f-a3a8-9d1075c1ce83
Gallagher|Amber|Donald|01.05.2004|b7ee40e5-6901-45f4-bbc3-54ef8baf8fc6
Peters|Bruce|Jessica|04.12.2002|84b07bb5-09ab-4f30-984a-553bd070ae7a
Harris|Jennifer|Kevin|28.02.1966|450807d4-486f-4f2e-8239-7c056c2875a4
Richards|Brian|Dustin|08.05.1992|1cc49295-5ca2-4826-aff3-dc46bfb98203
Clark|Beverly|Jennifer|22.11.1959|951b1ffb-2e1d-4d3b-b82a-f0a4f9f65843
Jones|Amanda|Katrina|12.06.1981|82ba134c-e184-40dc-8390-335df65a45b3
Holt|Wendy|Perry|12.02.1957|ffe38c64-aa4e-4766-b3a8-c735bc7a8876
Rogers|Jessica|James|08.03.1993|50eb1bed-bf08-4c73-83e7-51ca027248dd
Grant|April|Tammy|08.06.1994|3effdb14-15aa-431b-8912-61968c726760
Schneider|Arthur|Michelle|12.08.2001|5a75cc43-a4a5-4e41-817e-9bf0e59a5f0b
Davis|Jennifer|Timothy|16.08.1968|c3b26db4-8351-4783-9f3f-aad6b11a4108
Ramsey|Travis|Ronald|22.05.1951|682d5521-01c8-420c-a8b7-2d1bd12fa60d
Reed|Stacey|Mary|11.02.1962|8573dd19-87b1-4f6b-acfe-7de874ce11bc
Hayes|Jay|Scott|09.10.2001|8ed01809-72d6-4c7b-933f-90112246182d
Rowe|Lisa|Heather|19.01.2005|04f57a20-1dd7-489c-848d-f04caa188dfc
Rogers|Sandy|Shane|31.12.1960|c0091d0d-f074-4572-9d26-a81030d3f2e1
Abbott|Brandon|Earl|28.02.1962|daf5fbcb-3900-4105-bfe7-d9b3cb1db177
Hall|Janet|Crystal|03.01.1977|de20a846-d7ba-44c2-b889-715fce96e881
Edwards|Sean|Johnny|27.08.1994|e5df32f2-66d2-407a-9774-a68e3e744fca
Reed|Todd|Stephanie|05.03.2004|676b79f0-d3d6-4596-9d00-c5cce6df7fcd
Graham|Angela|Megan|07.08.1967|41440649-b5b3-4493-b728-09506958bbb2
Taylor|Amy|Andrew|19.01.1957|1f5ce382-5109-4dee-8a1c-f11019dfc9d3
Vega|Katherine|Max|24.06.1971|c8d6a9a7-c4e2-4bd3-8f21-9212b0ec0f2e
Bennett|Jennifer|Derek|05.01.1951|2bf34cf3-99c7-4548-bec5-f623a5e24191
Moreno|Timothy|Ricardo|02.09.2005|ad13e803-e554-46e6-a1de-a931fd63f710
Clark|Joshua|Lori|29.07.1989|33a1979a-d976-4e2f-bdbc-927cd4277469
Brown|Steven|Crystal|08.04.1953|951b1ffb-2e1d-4d3b-b82a-f0a4f9f65843
Obrien|Kimberly|Susan|09.05.1986|075876f2-26f4-4f49-93f3-b300f3ad9928
Watkins|John|Ashley|09.09.2000|d54f15e4-127d-46e8-b398-ee749cba8aad
Watkins|Edwin|Sarah|16.05.1953|fe6f813f-d3d8-4652-9753-fa95b906fc94
Freeman|Lisa|Robert|31.12.1975|775b4469-720d-4fc2-aab0-224faf04796f
Myers|Steven|Mark|29.07.1967|d5369be9-2120-4b3a-acbb-310ae9eb66e3
Johnson|Joe|Rebecca|28.05.1996|b43f0b54-9c4f-4f83-98a7-caa02e0b946f
Wright|Lauren|Jocelyn|13.05.1956|ccf2ed84-66c9-4e02-ae70-76243d44e321
Rodriguez|John|Ryan|18.06.1980|f669c021-8b32-4fd5-888c-7ad375f2fbeb
Gomez|Gabrielle|Jason|30.08.1966|f4d1cdb6-9fdb-46bb-940c-b750dba52399
Rodriguez|Tyler|Kaitlyn|07.07.1978|81d9638d-f4dc-493c-99a2-ee912642330f
Barker|Joel|Michael|26.12.1997|de2b5470-9d42-4907-b505-3c9855ab0a3b
Williams|Kristopher|Evan|11.01.1994|c4e1aac2-d01d-4707-80e0-c2589c9bc09c
Lewis|Austin|Brianna|08.09.1996|d7d99dee-36d3-409d-b76e-653e4a78af53
Evans|Michael|Matthew|16.09.2004|816f8917-9de2-4aa6-b9d3-482313993f2d
Anderson|Margaret|Victoria|17.12.1995|151dc053-4bd4-4cd0-bf28-787bd2557ab2
Johnson|Joshua|Gregory|18.04.1987|ff692c9b-e9d9-4a7b-89ab-8210bfb0ac73
Snow|Joseph|Andrew|10.11.2000|b7dfbd44-e02d-4ff8-a083-da4338952a4c
Matthews|Travis|Alyssa|13.02.1982|439af9e6-3bd6-4d16-ab9a-d1c808d3a022
Gonzalez|Kristina|David|02.02.1972|120173f7-ee7d-436f-9d71-36b6c0893a21
Rodriguez|Edward|Jorge|30.10.2002|439af9e6-3bd6-4d16-ab9a-d1c808d3a022
Wallace|Walter|Stephen|09.12.2002|50eb1bed-bf08-4c73-83e7-51ca027248dd
Anderson|Stacy|Jennifer|04.08.1986|816f8917-9de2-4aa6-b9d3-482313993f2d
Cox|John|Donald|28.06.1971|383f876f-15b1-4e17-b87b-3750334da38c
Castro|Danny|Katelyn|02.08.1961|30c20e6d-5233-45a9-81d5-58a887748f60
Martinez|Michelle|John|10.05.1989|498f7657-ddbd-4dfa-904f-41379c2e8500
Miller|Jennifer|Pamela|16.11.1951|4f0ec39f-723b-48c9-b293-ea3bcf758673
Acevedo|Audrey|Andrew|12.10.1970|79d38e4f-daf2-4fdf-a456-9f75bdf3e562
Thomas|Ian|Craig|22.11.1960|ef264ae0-21bb-49dd-b188-9436fa4e6c00
Pierce|Chad|Jeanette|01.12.1979|b7bd1c32-1b54-45e3-a82b-ae8c75077179
Roberts|Jennifer|Jessica|16.02.1999|e878629d-67d1-46c9-a81b-636121867d61
Scott|Brittany|Paul|07.11.1960|6b753085-5aba-4d2f-a556-51d715833379
Brown|Tina|Caleb|07.10.1984|55be323f-34bf-42ee-b99d-35ff5fce2f19
Kline|Matthew|Nicholas|11.10.1984|85e306a8-8be1-4ced-bdc8-dca46d4344a2
Trevino|David|Gregory|03.12.1979|ca57972d-925b-447e-8371-e40669520845
Blair|Kelly|Michelle|17.11.1963|f1284c7b-2f49-44df-b6e9-ca104c490fa1
Martinez|Matthew|Karen|06.12.1959|e16366de-c56b-48de-9883-dba46b476157
Pearson|Rebecca|James|27.12.2001|c1ee0970-7088-4bef-adfd-c0d397a63918
Garcia|Shawn|Margaret|08.11.1991|98f5364b-9819-482f-9e12-7f7d88d2a7b9
Grant|Casey|Scott|02.04.1986|5be1f7ac-8637-491a-95a3-7b07bfd16e41
Allen|Amy|David|04.01.1964|dd096fc5-0bf4-43a6-a9d9-569766648a66
Mendez|Jonathan|Brooke|29.10.1984|41f9c763-ea4f-4952-a170-cfb2e3ca5923
Armstrong|David|James|04.08.1958|63bbaa36-27aa-476e-8f88-db15182c3cc2
Garcia|Jane|Elizabeth|06.11.1982|40168875-dbd2-43e0-a076-62cdb1da337b
Aguirre|Thomas|David|28.10.1953|78bf8498-3986-4f78-8098-0c40f8a7bf49
Navarro|Cynthia|Robert|25.03.2005|35a9ead3-9d75-4e85-b010-071d865eac20
Juarez|Paula|Teresa|25.07.1997|d043ef7e-c5a3-4cf2-9b93-fd87ccbda876
Harmon|Julie|Jennifer|01.01.1971|79d38e4f-daf2-4fdf-a456-9f75bdf3e562
Smith|Cheryl|Robin|15.09.1979|7d6a102d-8e09-4d0c-a77f-94a0803a247c
Lam|Henry|Jerry|04.08.1990|84c97898-20e7-4a18-8b9d-df0418a83ad8
Hernandez|James|Zachary|16.08.1968|fd4b89e6-ce7a-4a17-80d8-2d451a121df6
Brown|Jessica|Susan|05.05.1996|8a990f4b-2c6e-4085-891c-0b47ef927878
Good|Joseph|Wendy|03.10.1999|4ab41791-b6fa-4147-b7cc-627838c5400e
Jones|Katie|Eugene|30.06.1992|8ed01809-72d6-4c7b-933f-90112246182d
Brewer|Kyle|John|22.07.1960|7c4644a5-b1cb-4e67-9553-eb370b183c10
Valdez|James|Theresa|28.01.1998|e49a0570-8663-43b7-b706-24c73ce9402b
Cross|Ryan|Samuel|12.03.2000|fbbe84c8-ba3d-4a3c-b7d0-ed2d8638a89b
Riddle|Frank|Edward|06.09.1952|8d4a3ea6-22f6-4580-97ef-7434f4d21f2e
Bailey|Robert|Ethan|13.04.1986|075876f2-26f4-4f49-93f3-b300f3ad9928
Massey|Michael|Tina|13.03.1995|bf3a102f-09d2-4cf8-b7d9-cfcb3a950f44
Fry|Terri|Allison|03.10.1974|23f1a677-5d52-454c-9e9d-de84a421456a
Barber|Vernon|Dustin|10.02.1985|650f0901-6e36-4ff8-9a36-7b758c3388fd
Elliott|Joshua|Jennifer|17.09.1989|eae68aaa-8a4e-49ba-af6b-3d004bf0ab17
Johnson|Maria|William|23.06.2001|0501f23f-00ca-4fdd-b830-cd9ba4d13760
Sullivan|Ronald|Judy|28.11.1958|9cbc8c3d-632b-47ca-a327-f50a070cf8f6
Harris|Alec|James|12.09.1962|bf3a102f-09d2-4cf8-b7d9-cfcb3a950f44
Orr|Frank|Douglas|08.05.2000|6154180b-fed8-4da9-b913-a12d949fd0e9
Bowen|Madison|Michelle|22.04.1980|0f75f61c-b185-4f6d-9df3-df6be61e2049
Conway|Carlos|Kevin|25.12.1992|e4d26e51-7611-427e-92f5-d34a58824b45
Foster|Allen|Christine|14.04.1957|4e489142-4fd1-4a09-86f3-35fbb28a2491
Wheeler|Elizabeth|Lee|18.05.1956|d3e0b32c-dfff-4fc4-8df9-015b3df4309a
Nguyen|Sandra|Lorraine|07.03.2004|f669c021-8b32-4fd5-888c-7ad375f2fbeb
Bailey|Bruce|Michelle|13.06.1986|54b563b9-38d2-4136-b712-c0bb574e4d3c
Ramirez|Edward|Larry|07.02.1996|0138f3d3-5b7a-48e6-93ad-fbcd75bed818
Baker|Amanda|Robert|30.05.1995|c8f291f1-8d41-4823-b08a-c0b2076d287c
Mason|Cameron|Vanessa|26.08.1997|3283cc41-88c9-4326-82c0-e424480f5b35
Copeland|Joseph|Christopher|07.07.1956|d4f83ddc-d59c-4b75-9965-f393d509624f
Moore|Darrell|Madison|21.03.1968|a6fd9a2c-cfd4-4f7a-bbd1-cf1ac5597103
Robinson|Laura|Christopher|18.10.1978|acd33d35-cd0b-480d-9310-06822fdcb987
Gray|Neil|Robert|22.09.1987|8ea85f2d-c945-4bda-a1de-fa7885959a19
Lane|Hannah|Lauren|25.02.1964|efc42fc5-20ed-4403-88ee-83bce06392b6
Morris|Jennifer|Michelle|13.02.1956|f8aa7f49-077b-4473-8cae-f413ccbcaa1a
Thompson|Jason|Emily|26.03.2005|38fe4222-4d58-413c-a64d-cc4e7d8179e3
Smith|Derrick|Catherine|16.07.1968|f082ef13-c02d-4c50-a188-bee51039adce
Reid|Sarah|Matthew|24.10.1964|c1139acd-890f-4197-afb8-4da685028ff9
Russell|Robert|Valerie|10.07.1986|db385c17-6a98-408c-b037-0d743b211384
Walker|Linda|Christopher|01.05.1951|299474c0-d3c5-4407-b14f-b4ee33452698
Parker|Eric|Joshua|05.03.1988|1f7e03d3-18a8-4fea-a14f-771a614ed5fe
Collins|Joshua|Gloria|19.10.1994|cbcc90ce-7629-4f00-9f86-1a91ccd292b3
Hunt|Savannah|Kristy|10.06.1994|2cadd99c-45ca-41a8-84e2-3eea765daf25
Avery|Regina|Laura|11.05.1951|299474c0-d3c5-4407-b14f-b4ee33452698
Thompson|Thomas|Christopher|26.02.1987|f3ad5cd7-e397-47dd-a150-261ace2c0a5c
Solomon|Vanessa|Daniel|17.07.2004|efa84814-4712-4199-8771-57a9f926c752
Wilson|Zachary|Marc|28.04.1980|9a9a958f-2e03-41a9-9507-eb272209f414
Richards|Jessica|Larry|13.08.2004|69521f60-0903-43a9-8b6c-1496fd52a0f0
Lopez|Scott|Vanessa|04.04.1993|5dd77b52-6bb7-4060-b0dc-278503637e87
Harvey|Andrew|Kiara|25.09.1998|946204f6-941a-43d6-9cf7-985419e02d2e
Hernandez|Jessica|Michael|29.07.1980|b041ebaf-df56-4a55-8ce7-1f951150a550
Sullivan|Sonya|Michael|03.05.1957|be200147-9719-4bd2-a836-1abf01e65b17
Velez|Daniel|Lisa|28.02.1958|b9d2aa0c-57ea-4b0e-9acd-dc67e3bbf47c
Baker|Rhonda|Michele|25.08.1971|a8ed4d17-9e63-4da6-b440-7f0c8f2abeaa
Oliver|Lori|Andrew|16.01.1979|442cfbf0-ce20-40b5-808d-d9491809a1e9
Ortiz|James|Rebecca|31.07.1962|4994333e-a3e9-457c-8ac3-8d2eb1eda729
Smith|Karen|Michael|25.11.1978|0a3d56ef-8f6c-425c-91e3-b24e42e03d69
Scott|Jeremy|Ashley|01.07.1986|19515838-25d3-48cf-a0b1-c44ccca96568
Lawson|Karla|Bruce|04.12.2004|39d1e0bd-f927-4a01-adbb-4516c437b192
Jones|Kenneth|Alexandra|12.09.1955|ad13e803-e554-46e6-a1de-a931fd63f710
Shaw|Michael|Shannon|07.07.1991|262b6e3b-1d5c-46bd-a094-41c8844e6022
Bridges|Paul|Thomas|01.06.1984|ed46c907-0f27-468d-8aea-dac3f91e779a
Martin|Sean|Angela|11.05.2002|0138f3d3-5b7a-48e6-93ad-fbcd75bed818
Schultz|Veronica|Michael|04.05.1999|49bea898-6a2e-4913-af75-a2d8193ccbe8
Houston|Chelsea|Aaron|26.11.1952|c0091d0d-f074-4572-9d26-a81030d3f2e1
Gardner|Brittany|Heather|03.02.1994|12ac6477-7807-4786-a9f2-220f1de17378
Davis|Crystal|Michael|01.03.1973|b7bd1c32-1b54-45e3-a82b-ae8c75077179
Maxwell|Joseph|Teresa|26.06.1992|f70195cf-5d21-43bc-870b-7247e0bd9533
Garcia|Thomas|Aaron|17.10.1978|8924080c-9248-4ca7-b1e1-63c82db6cc97
Jennings|Jennifer|Nicole|02.02.1988|c055b521-cd82-4481-bd0e-dd3c3cd7acb2
Oconnor|Michael|Maria|04.04.1978|39d1e0bd-f927-4a01-adbb-4516c437b192
Garrett|Valerie|Wendy|10.12.1995|120173f7-ee7d-436f-9d71-36b6c0893a21
Davis|Tony|Haley|08.12.2005|7f0fd59c-0d10-485f-a5d1-fd1ac55fcb76
Moore|Denise|Zachary|08.01.1952|fac4ccc2-9f37-431f-961b-07b4bb238f22
Walsh|Mary|John|10.01.1962|10ed4520-541d-4ec2-aea4-2ecc994157c7
Johnson|Marilyn|Adam|16.09.2000|a6296410-7979-414f-a661-a8bba231b47f
Doyle|Melinda|Vincent|01.05.1973|2b63e59f-65c4-4a70-97c9-4fe9a9eb4340
Burnett|Danielle|Jennifer|18.11.1993|ca856531-805e-4c89-99b5-2a61522be08a
Allen|Whitney|Mitchell|08.12.1966|8aeb0143-52a6-47f4-b05c-2082150915f3
Mosley|Julian|Daniel|24.11.1994|88c18feb-8fa4-4413-88b5-fc5c8c26d9d0
Moyer|Randy|Jason|02.12.1956|640029dc-c7f9-46d9-be87-a5670580a1eb
Garcia|Karen|Jason|16.04.1979|9841c5f5-1d3f-4085-9229-ded1fea37787
Greer|Briana|David|11.03.1982|d64760bc-73ed-47d0-a522-73a4f0b9ff34
Fischer|Brent|Michael|30.11.1975|78c3df04-b7a8-4ec6-b4b7-99a38d97164e
Williams|Eric|Jacqueline|06.01.1977|9a9a958f-2e03-41a9-9507-eb272209f414
Johnson|Laura|Carol|16.02.1967|2aaab584-9e30-48bb-a753-3d4d6fbd9fa3
Burke|Alexis|Tiffany|23.09.1956|3ee1d17e-0d3f-4c8c-8f4a-84d8529d5c61
Goodman|Carol|Michael|12.10.1953|bde374d6-140f-488c-a55d-83dc84512486
Lee|Caleb|Thomas|31.03.1975|8c0cc8e2-c86e-4018-ae33-e1cc0c5875b1
Rocha|Jessica|Cory|04.08.1974|120173f7-ee7d-436f-9d71-36b6c0893a21
Conrad|Jeffrey|Joseph|30.07.1965|8445a13d-b179-466a-bca3-e288802c0fb5
Olsen|Nathaniel|Regina|11.04.1972|eb78a446-9b27-460a-a7fe-55cc26760146
Wilson|Benjamin|Roberto|17.04.2001|254a3037-3c05-4692-b9cf-b35da974232f
Griffin|Frederick|Ronald|03.11.1953|eb78a446-9b27-460a-a7fe-55cc26760146
Velasquez|Melissa|Mandy|13.04.1950|b5794e65-f69f-4ff6-acd9-edb9b161495b
Cox|Brian|Douglas|08.12.1975|6ab0fb6c-98f4-49d1-9290-c550c0551ebb
Delgado|Kenneth|Cesar|11.09.1980|1344cd97-06df-4b02-be13-5e80651509de
Espinoza|Michelle|Matthew|12.07.2000|336b3622-1ce2-47cb-8567-4b4d4f7d2396
Dalton|Brandon|Eric|17.09.1983|50b7b6da-ef10-4704-bdad-7f4427b3621d
Molina|Matthew|Barbara|26.11.2000|5cc25b79-c9e7-4838-9fcd-6ddaf022ae63
Moore|Dawn|Samuel|10.09.1990|8d31aef2-0b7d-4818-822c-cc09adbd1c76
Williams|Theresa|Joanna|06.07.1998|3fde641d-17e6-4cc1-8e73-4f6b961aacd1
Keller|Christopher|Janet|22.01.1964|223c9dd9-e32d-49a5-8e9a-25f78b3966ff
Sims|Erik|Alyssa|17.12.1961|1c7520ff-4aac-4d3d-b16d-aea7b9a61341
Sanchez|Kayla|Margaret|29.09.1975|f082ef13-c02d-4c50-a188-bee51039adce
Gutierrez|Hannah|Joseph|16.11.1965|bc08d431-14ed-49f8-a5b1-ad717fd8127b
Ryan|Wesley|Savannah|12.12.1978|8445a13d-b179-466a-bca3-e288802c0fb5
Anderson|Samuel|Megan|06.04.1954|d7a31a72-4f97-46b4-86f6-d6bf169eba8b
Delgado|Jeffrey|Jason|28.01.1967|383ef186-89b8-41bd-b0a3-e484065b6622
Woodard|Tara|Kathleen|25.08.1955|d9517966-5ae2-4c18-a075-4ae4118ccf89
Williams|Peter|Morgan|07.06.1982|df310fd0-242d-4780-a294-6cff56d05917
Small|Gabriella|Ryan|18.07.1964|7c4644a5-b1cb-4e67-9553-eb370b183c10
Hodge|Katherine|Rodney|27.09.1995|ca6b844b-7e5c-423a-b0b9-c1c184ae0a7a
Gray|Joshua|Michael|07.10.1975|a7f1c57b-0a13-4f54-8755-be3ba0e2e286
Rodriguez|Albert|Felicia|19.02.1990|9e6cbff4-009f-4150-8f8b-a7fc696cc210
Johnson|Gloria|Tammie|15.07.2001|39f5c855-ca19-4aa2-9d19-57d0528182d6
Horne|Emily|Clayton|10.07.1969|02e7218d-2e1b-4051-8f92-1a0bd40a5290
Anderson|Edwin|Lisa|21.12.1979|8d4a3ea6-22f6-4580-97ef-7434f4d21f2e
Thomas|Sheila|Andrea|23.05.1961|026c8c18-6999-4a36-bae8-2d588975c7ec
Weber|Tyler|Susan|04.04.1952|d418e2d1-f374-4ced-9ba1-60d4ceca611b
Carr|Brenda|Aaron|22.12.1978|cedc4c40-500a-41ad-8622-20502184e094
Cox|Carmen|Brian|21.11.1986|1b842552-bd53-4afd-846f-34236264bd28
Lane|Amy|David|29.02.1988|8eb37697-d1fb-4d47-a604-411bcfed469b
Guzman|Sheri|Don|12.07.1994|e9c41d8a-213e-460f-bd08-625c9c37371b
Lang|James|Amanda|01.02.1958|e1e101d3-37a7-4b23-b118-2eef164ae05e
Vargas|Joseph|Spencer|26.06.1951|89acec81-fc12-40ac-b91c-dc61cb12cf71
Chavez|Daniel|Andrea|02.02.1959|0d35a9c0-7cfc-4b49-b5d0-3e85b8a1dde6
Thomas|Brooke|Kara|13.07.2000|f1f052bb-cc24-429d-917c-ed6df3520d60
Fisher|Anna|Christopher|05.03.1972|8eb1bc7f-55d5-4ce8-ae51-29db32effe51
Kelly|Jeffrey|Hannah|18.09.1951|c13dbddd-debc-4e70-984f-f52b63e6c266
Stewart|Barbara|Robert|17.12.1977|fa6ce797-ae3f-40b1-ad5d-4437a43451d7
Hurley|Kathleen|Robert|19.06.2003|f70195cf-5d21-43bc-870b-7247e0bd9533
Chavez|Janice|Zachary|01.11.1954|fa873f3f-1273-4d22-839b-e1bf45df11ac
Chaney|Patrick|Karen|18.03.1981|026c8c18-6999-4a36-bae8-2d588975c7ec
Gonzalez|Christopher|Justin|23.12.1975|9d597cbe-51f1-4db6-ae33-f0569255044e
Brown|Noah|Mark|21.03.1952|9f5f5a5d-b781-48a5-97c5-6d95db7b9df9
Randall|Joseph|Stephanie|25.06.1979|e5df32f2-66d2-407a-9774-a68e3e744fca
Graham|John|Henry|03.11.2001|1a61a63b-e3e4-46fe-aaed-acddb27d2847
Johnson|Martin|Michael|16.10.1962|eb3a5900-89d8-4757-9046-8af731b62471
Martinez|Darrell|James|22.03.1993|73145b27-4bd1-468d-8f87-305bf6d341ee
Hernandez|Walter|Pamela|30.03.1951|8801472c-ad7b-4d2c-84f4-e68636de6868
Bennett|James|Jonathan|23.08.1990|775b4469-720d-4fc2-aab0-224faf04796f
Clark|Keith|Craig|20.05.1972|a8bf1dd2-86b0-4b46-a111-03e543d37c72
Brown|Victor|Craig|20.03.1968|5ab097fd-cbbd-4bb0-a2c5-7b23a4380d7f
Noble|Mary|Bethany|07.01.1967|8db53586-e55c-4e44-bf33-d4c6ff5dd09f
Hughes|David|Kathryn|29.10.1988|87e201e7-b3fc-43cd-bd7e-ea0be8e1c0cd
Jackson|James|Julie|03.08.1982|85b814ff-3d12-497c-95bd-cda75b08c55c
Mckenzie|Sean|Deborah|12.06.1993|b90d0ffe-f73c-4e80-8480-48d8b2634795
Reed|Christopher|Karen|15.03.2000|c8f291f1-8d41-4823-b08a-c0b2076d287c
Benson|Jose|Angela|30.09.1981|9b4908c1-7332-48a2-874a-79d0d3077a26
Parker|Tonya|Scott|27.02.1978|25efc8e6-587b-48ab-92f0-5cfc3f52bcad
Scott|Jeanne|Tara|26.10.1961|5e26dc1b-2663-414e-aed3-4f2e403297a3
Clarke|Jenny|Mary|28.10.1956|1c7520ff-4aac-4d3d-b16d-aea7b9a61341
Mcfarland|Dawn|Phillip|15.06.1961|e57648a9-ca53-4fee-a0e1-a506e274b834
Mcguire|Kim|Shawn|01.12.1982|e57648a9-ca53-4fee-a0e1-a506e274b834
Clark|Joshua|Stephanie|02.03.1957|3169aa39-939c-4c09-939b-a5969b109acf
Collins|Victoria|Steven|21.06.1979|fe9866d9-2a22-4d8b-aa2b-a8f954c8d32b
Ortega|Larry|Amber|03.07.1977|14f6ffd9-472e-46f4-8965-ecf581f215cd
Diaz|Kristen|Ebony|13.09.1956|e936a205-a02f-4daf-8ef5-7e5d8ec112a4
Foster|Michelle|Charles|29.05.1958|254a3037-3c05-4692-b9cf-b35da974232f
Jenkins|Michael|Nancy|05.11.1982|12165148-f368-4503-aeb5-0abe50cfe15b
Cowan|Raymond|James|21.03.1983|40830346-7a7b-40b5-840e-6fe97027e534
Hughes|Krista|Meghan|19.05.1954|39a0305d-794b-46f1-85af-810a534cc896
Wright|Nathaniel|Elijah|04.06.1997|bafe097a-4907-42fe-97fa-fcc58bbc1174
Knight|Dylan|Sharon|05.07.1953|98f5364b-9819-482f-9e12-7f7d88d2a7b9
Moore|Samuel|Jennifer|20.12.1975|81555d42-9e33-4681-a967-15b9af9b844a
Chavez|Rebecca|Kelsey|23.05.1956|13f7e142-6740-4202-9a69-4e6a4835e949
Howard|Susan|Daniel|25.01.1975|618ec870-bbbb-4e01-be85-b17813b17cd0
Moyer|Shannon|Amy|20.12.1988|83103177-4cef-4dce-aaee-8e69e8460ef8
Hubbard|Jessica|Yolanda|07.06.1991|8eb1bc7f-55d5-4ce8-ae51-29db32effe51
Garcia|Bryan|Gregory|08.10.1961|73145b27-4bd1-468d-8f87-305bf6d341ee
Reid|Jeremy|Michael|26.05.1979|9e858577-71c2-437b-b72b-0b197204c607
Lee|Michael|Lindsey|31.01.1988|520a8953-f14c-4e5c-ba6e-9d9ded28945a
Hamilton|Michael|Susan|09.11.1970|1c7520ff-4aac-4d3d-b16d-aea7b9a61341
Warren|Debbie|John|20.12.1972|27d9dcf3-6470-4a05-ba85-4be63813c952
Freeman|Jessica|Carla|05.05.2001|5fc7bd9d-9547-4d8e-bcc9-dfcf1f8da3e0
Williamson|Robert|Hannah|05.02.1979|c8d20259-1fa7-49df-8181-9c9e9b081fb4
Erickson|Jonathan|Anne|22.02.1980|a6c109bf-fa4e-432d-8e51-1322a8621e9d
Turner|Jessica|Heather|22.09.1988|fe084837-d10d-47c8-ab8a-c90e984609d5
Stewart|Anthony|Daniel|12.12.1964|8396eb7d-9162-4dc7-8650-d8aafa5b5c69
Clements|Sean|Erica|06.06.1997|ca6b844b-7e5c-423a-b0b9-c1c184ae0a7a
Castillo|Ronald|Dana|10.08.1998|4b2baedb-ce30-45f0-a760-4c524076e322
Boyer|Chad|Megan|14.06.1999|5582e966-7513-4822-aaee-14b2e0619069
Reid|Elizabeth|Amanda|27.02.2001|f8aa7f49-077b-4473-8cae-f413ccbcaa1a
Marshall|Theresa|Timothy|24.03.1950|e2fdfd4e-7ecb-41fd-be60-bdffad8f4a8c
Jones|Jessica|Emily|29.05.1962|25e40097-a775-4705-aafa-96fbcb13fcf8
Mooney|Brian|Mark|25.07.1975|d3e0b32c-dfff-4fc4-8df9-015b3df4309a
Anderson|Michael|Carolyn|05.12.1987|618ec870-bbbb-4e01-be85-b17813b17cd0
Salazar|Patrick|Tina|28.06.1952|1d1a4d0d-7de4-47c9-9012-b3d5abbd6786
Davis|Justin|Kyle|28.08.2003|f30fa500-bd4a-425b-afe8-8e66753f8040
Powell|Craig|Timothy|14.10.1981|12622414-73ce-4b5d-aad2-2dd9d2d544cf
Bridges|Michelle|Brooke|20.09.1990|8bb83f44-4749-4e9c-9f20-a8a8c8302525
Rivers|William|Julian|22.10.1968|de262f78-75f3-4352-ac81-a3554f82667b
Mitchell|Virginia|James|21.08.1999|0e46bbb2-d348-4c2c-a02f-e4b7032fc723
Guerrero|Angelica|David|28.01.1968|6fe38294-5a0f-41d8-bd50-70a2bc5a303c
Castillo|Holly|Michelle|19.07.1962|dde1ff78-5e1e-486d-a998-d8f8dcf3ddec
Martinez|Maurice|Maria|10.12.1996|e878629d-67d1-46c9-a81b-636121867d61
Atkinson|Katherine|Kim|28.10.1975|892963a4-c155-4135-a0b6-72ffb5451331
Thomas|Jacob|Veronica|23.11.1990|c1872c20-780a-4dd2-8fc8-e529ade90812
Garcia|Bryan|Rose|21.01.1984|ad13e803-e554-46e6-a1de-a931fd63f710
Parker|Tina|Rebecca|02.05.1960|d7d99dee-36d3-409d-b76e-653e4a78af53
Frazier|Eric|Joseph|25.06.1958|b9d2aa0c-57ea-4b0e-9acd-dc67e3bbf47c
Giles|Jesus|Rebecca|30.08.1951|a6296410-7979-414f-a661-a8bba231b47f
Cole|Jennifer|Justin|29.02.1960|17ff839f-314b-4be0-8f6a-65a4e5c4e342
Arnold|Megan|Jennifer|19.12.1985|f6d64bbe-7e98-4ed9-ae38-807a89b6dcf6
Foster|Arthur|Diana|28.04.1957|436c0fdb-6672-496b-b805-3d0ef5840c2e
Reeves|Michael|Benjamin|18.05.1980|b8a66926-4f0c-41cf-9f5b-553ce6622bfc
Rogers|Brandy|Kelly|28.05.1974|9404c46e-0b08-4e80-a738-b4a1c5cc95e5
Wells|Patrick|Donald|07.09.1999|1924efbd-1c4f-4e09-92d7-f9e2f2b17a86
Garcia|Tiffany|Abigail|02.12.1951|ce50f560-f9e2-4845-880f-7f723a42ca85
Jackson|Aaron|Kevin|12.08.1951|2dcb370d-c769-43a0-bbf5-797667485ed0
Pittman|Brenda|Nicole|30.01.1993|98f5364b-9819-482f-9e12-7f7d88d2a7b9
Savage|Rachel|James|20.01.1995|f082ef13-c02d-4c50-a188-bee51039adce
Wells|Chris|Ernest|18.05.1997|3fde641d-17e6-4cc1-8e73-4f6b961aacd1
Ray|Jennifer|Sheryl|14.02.1955|682d5521-01c8-420c-a8b7-2d1bd12fa60d
Ray|Bradley|Michael|03.01.1975|61766a15-6795-4761-8b64-cf1601dfa71e
Clark|Timothy|Andrew|07.09.1951|a98ab060-36c5-41c0-907d-0a0d019c899a
Green|Donald|Amanda|06.04.1951|4037f9a3-0dea-4976-b46c-4f0b2ac42867
Morris|Raymond|Darrell|09.11.2001|925d4ebc-cd50-4432-a114-e18694bcea90
Cook|Erin|Travis|23.09.1969|eb39cb91-5635-438e-a6ec-38861f1b4bde
Watts|Joseph|Michelle|27.03.1955|4a8fa30b-85d2-4ac5-a84a-c19d4639feae
Austin|Courtney|Jorge|29.02.1976|c3160d84-8c4a-473f-acfd-0eb8800fc58c
Mason|Paul|Whitney|21.06.1973|d753be9d-bee4-4924-bbab-644738f829e9
Medina|Howard|Lee|03.04.1991|f4f30921-b41a-4228-872b-a63c5c820492
Powell|Matthew|Laura|03.06.1961|b6b8dbc5-57fc-4f72-a638-def2550582cb
Chandler|Dwayne|Samantha|10.02.1964|2a4f9770-7bfe-48b4-badc-8c82cc9b0d39
Russo|Mark|David|23.09.1953|d1cf62b0-d09f-479a-86ab-c240b18cc7a6
Wells|Misty|Jennifer|28.08.1961|7a159bff-d5b3-40f4-85b9-d168da13d640
Powell|Thomas|Diana|23.03.1994|a650c4a2-cee8-4a1e-95fb-cb0240755977
Archer|Michelle|Marcus|22.05.2002|acd85297-2e33-455b-9dc6-69530caf94ad
Silva|Denise|Benjamin|05.11.1996|8928215c-40f7-4b15-8018-e733edf48f8d
Taylor|Kristy|Patricia|08.03.1960|e2877dd5-107f-401d-bd18-1b27eeb14a02
Sutton|Laura|Casey|04.08.1983|c70d5339-b21d-4f38-93c0-bc0f44c60763
Hughes|Jason|Ann|14.04.1978|10ed4520-541d-4ec2-aea4-2ecc994157c7
Fischer|Rachel|Christopher|22.07.2002|34915acb-8a1b-4b5c-9b85-da046e84eb45
Cummings|Ray|Jacqueline|10.02.1993|6a03d902-6df1-44d1-bae0-8969027ac537
Rogers|Michelle|Nancy|18.08.1990|0b2812d6-a2b1-470a-bd4f-40bbd69391b1
Lawrence|Brandi|Jennifer|04.07.1977|71af8330-3166-4851-972f-6d3e6ab26ae3
Anderson|William|Robert|01.12.1996|2318b528-f8b2-4484-ba00-a800259b5264
Jones|Jacqueline|Melinda|21.07.1965|cb639cdf-a7f8-4005-b99b-314fddd4db25
Barnett|Stanley|Brenda|27.06.1950|31cc68a2-9949-4f11-affb-4fb417b413cd
Johnson|Andrew|Samantha|07.08.1963|3429fb13-182b-4007-b12f-8ed3de4b4349
Mays|Leslie|Christopher|03.12.1956|5fe245b0-50ad-49e3-972f-2e4a0e9fea6b
Gray|Jerry|David|11.10.1979|c06fe7b2-de4f-47f6-a7ae-854dab1bb106
Nichols|Walter|Tina|16.02.1959|aef58c96-743d-418e-b129-883cc9bde9c9
Campbell|Robert|Joshua|07.05.1960|27d9dcf3-6470-4a05-ba85-4be63813c952
Bennett|Christine|David|20.09.2001|816f8917-9de2-4aa6-b9d3-482313993f2d
Skinner|Sherry|Collin|17.12.1998|ae4510da-fa8a-4e27-b06b-94c0ff55fb80
Cannon|Luis|Johnny|10.12.1994|be200147-9719-4bd2-a836-1abf01e65b17
Lyons|Joseph|Anthony|03.11.2002|b711d294-51c9-4a49-aa68-5178a5ec8ed2
Everett|Luke|Craig|24.03.1959|20c24591-800d-4f1f-ab9d-4d1e96010744
Fisher|Angel|Joshua|26.11.1963|4037f9a3-0dea-4976-b46c-4f0b2ac42867
Morales|Eric|Laurie|03.01.1953|f3ad5cd7-e397-47dd-a150-261ace2c0a5c
Cruz|Mary|Christopher|05.10.1979|fac451fb-8c06-4f36-98b5-151706b36433
Ramsey|Carmen|Calvin|03.02.1998|c2691771-3047-4700-9132-84ead595ebe4
Mercer|Ronald|William|02.04.1950|1055faba-ff08-4e8e-a4a9-767d3148f180
Boyd|Meghan|Robert|13.12.1950|e9c41d8a-213e-460f-bd08-625c9c37371b
Peterson|Sean|Melissa|03.07.1962|5e99e0af-376d-405d-8f50-c8de40200db1
Brown|Zachary|Gary|31.05.1999|efc42fc5-20ed-4403-88ee-83bce06392b6
Jones|Matthew|Cynthia|23.03.1952|cf8697a2-de29-466a-8c7a-4a186fc25aeb
Key|Kayla|Kenneth|17.11.1983|eff1c31c-5058-4d3a-ad81-6705d8fb9113
Gallagher|Adam|Chad|21.03.1984|b33cf92b-4430-4f34-a0d9-2d35b4f6f20e
Anderson|Stephanie|Richard|05.10.1966|9d76d879-5c26-47d5-ba79-11a6bf0890bc
Dougherty|Kelsey|Jordan|30.12.1983|1c62d313-c733-4bff-b3dd-9d8e99248487
Abbott|Kelsey|Michael|14.08.1992|e98807aa-dba9-4c44-9440-713184bd43f3
Roth|Tammy|Mary|04.08.1950|1bee5bc1-13e3-4277-a893-5fc68b836301
Torres|Randall|Sean|12.01.1980|b7bd1c32-1b54-45e3-a82b-ae8c75077179
Smith|Heidi|Shirley|16.02.1954|c84de315-f423-4482-a2cd-102a465b873f
Parsons|Cynthia|Carrie|26.12.1980|d64760bc-73ed-47d0-a522-73a4f0b9ff34
Beard|Mary|April|06.01.1952|bddb9334-795b-45ab-b552-60c40a67b709
Cook|Dana|Michael|10.01.1975|04789b31-0553-4006-9d7b-4ff9435d4b15
Brown|Wendy|Douglas|13.08.1989|892963a4-c155-4135-a0b6-72ffb5451331
Parks|Veronica|Karen|11.05.1962|fb676702-53d2-4ebd-b001-fccdff17852c
Harris|Daniel|William|26.09.1978|38dc536e-da14-4cf7-9b5b-64e791606b37
Williams|Mackenzie|Jennifer|08.12.1989|98f5364b-9819-482f-9e12-7f7d88d2a7b9
Bryan|Austin|Logan|23.04.2004|41e63ded-9873-493c-b7cb-d35183cef1aa
Stewart|Robert|Michael|22.04.1995|3d691702-e598-4448-a85f-61fbb7a11911
Aguilar|Paul|John|10.09.1994|075876f2-26f4-4f49-93f3-b300f3ad9928
Khan|Mark|Julian|02.04.1984|83e23c67-a40b-47d8-889e-ed932e246f08
Carrillo|William|Kimberly|09.02.1973|767f60f2-c06a-4d9e-97ff-3485d3d010a1
Villarreal|Frank|Jose|10.05.1979|6ba8b1ce-00e5-4541-b736-bee1def5448c
Dominguez|Ashley|Michael|03.03.1990|9678147c-dea1-4625-88fc-3554a46e17c8
Payne|Tyler|Nathaniel|12.11.1982|6b753085-5aba-4d2f-a556-51d715833379
Smith|Maria|Cindy|30.06.2002|0912fe8c-b07a-48cf-846f-367dd8cb65c6
Franklin|Stanley|Angie|25.05.1994|2a202c9a-0379-47e1-b674-8d1fdf257c7d
Leonard|Abigail|Michael|02.11.1958|174e9d39-9443-4321-b263-92ff627d0db8
Lucas|Steven|Katherine|22.11.1967|4f284a1c-27b3-4972-9e73-e3bc41db6e91
Alvarado|Rachel|Michael|10.12.1998|efad8352-bbc2-474b-af9a-5c8505dc052e
Scott|Cole|Brandon|19.08.1997|9d991b10-e2ec-4532-b4dc-ee0324e485a3
Holloway|Joe|Troy|05.05.1983|b8ab4818-a5c2-48b9-959d-6079b68afde0
Carr|Stacy|Jason|14.07.1994|512bff3b-5ea0-49dd-a110-2c5b15890a54
Lee|Michelle|Samuel|08.09.1951|30cd0a21-d0d3-4b6f-b16d-7b8ac8bdafaa
Gregory|Jose|Karl|05.11.1973|2a30159d-b0b1-4257-8473-640ae1f52d31
Cohen|Daniel|Heidi|06.03.1997|60cd922b-a79e-498b-a201-bc5a7c56f87c
Salas|Teresa|Tim|29.03.1966|7a00e5c6-7e79-4217-842c-bee19c7ad18d
Phillips|Kenneth|Sharon|04.04.1977|fe60cc3a-59a6-4de4-9f34-57dfcc8a84c6
Hopkins|Tina|Paul|03.09.1957|fe084837-d10d-47c8-ab8a-c90e984609d5
Wise|Gloria|David|27.12.1995|d7fb4d24-0468-4209-ae9f-80ef5598b390
Barton|Lisa|Hunter|04.04.1988|2824a08f-9857-49d8-811a-3274c563b23c
Mata|Gregory|Michael|10.05.1960|fa3da0cc-9795-4566-836b-bb12a8775c88
Pacheco|Trevor|Julia|17.09.1973|8ed8a7bb-d7f7-4096-8aa3-af36603b0c93
Harrison|Allison|Michael|03.04.1999|4b8311d1-f42d-4c76-a62f-77ace6ed86a2
Cook|Glen|Sarah|17.07.2000|05bc7146-2e8d-4599-b9b1-68a0416db013
Combs|Stacy|James|27.05.1975|416b4f6b-5908-43a4-9fdd-c822e624b8dc
Mann|Audrey|Katie|16.01.1954|2e035ffb-233f-4340-8f82-ed6f3cd9a799
Proctor|Justin|Christine|21.07.1977|77e441c6-a197-40c3-8823-62d24b7fbcad
Mckay|Leonard|John|06.05.1997|6d17cd1c-a488-44c4-be44-cd6d67343ed2
Bradley|Melissa|Laura|09.03.1959|0269f121-9bb6-42f2-9f1d-a7ce46df0e21
Rodriguez|Allen|Danielle|09.04.1973|712953d4-fcd7-4ca7-b434-f5f79fb76522
Mccarthy|Anthony|Amy|16.02.1978|3d691702-e598-4448-a85f-61fbb7a11911
Copeland|Charles|Thomas|24.04.2000|456de419-8468-430e-9854-dbe8a449202b
Gibbs|Christine|Alexandra|09.07.2004|4037f9a3-0dea-4976-b46c-4f0b2ac42867
Watkins|John|Morgan|19.05.1992|393f6393-7a9c-4c49-b2db-e8d1b3a2c9a2
Foley|Linda|Preston|22.04.1959|31aeb07e-b24b-49e7-952d-c3095c431523
Carter|Scott|David|19.02.1959|92459e3b-28ca-4fbe-8476-b11b58ca9c94
Parker|Lisa|Steven|01.07.2005|b33cf92b-4430-4f34-a0d9-2d35b4f6f20e
Bradley|Joseph|Renee|06.02.1983|f86884f6-fcc1-4585-9a8e-35ab16ce833a
Rice|Kevin|Timothy|17.04.1975|44106b41-b98c-4315-a84c-c0c28ef35fe8
Boyer|Peter|Alejandro|07.12.1992|e98807aa-dba9-4c44-9440-713184bd43f3
Wilson|Tiffany|Nancy|27.10.1971|91e1b22c-e8a1-475c-9ec8-849f3963ba48
Taylor|Larry|Jeremy|05.10.1963|b8a66926-4f0c-41cf-9f5b-553ce6622bfc
Anderson|Christina|Richard|19.01.1993|6ad7d074-4eb9-4bb2-a786-02c1650be830
Glenn|Lindsey|Kim|26.03.1956|1c471337-9b3a-48c5-a29b-972cdd773927
Bishop|Rachel|Elizabeth|29.09.1950|81cab5ba-c9e9-48c8-abc7-d8f5bdc2a831
Russo|Todd|Tyler|16.09.1967|8d279d1e-f3e6-4a88-9852-9513e9d23f8e
King|Heidi|Jared|25.08.1995|d5268673-0a6a-45b4-8f4a-d5f07dc31e56
Perry|Sandra|Alisha|02.11.1962|7170e68b-bc43-4367-b905-7393623b9a3a
Lane|Jordan|David|30.03.1994|2ff61e67-12d8-4898-b165-373f8570fc74
Mcdaniel|Rebecca|Brittany|07.07.1979|85b814ff-3d12-497c-95bd-cda75b08c55c
Erickson|Eileen|Darlene|09.04.1971|9d991b10-e2ec-4532-b4dc-ee0324e485a3
Henry|James|Shirley|07.11.1969|5cc25b79-c9e7-4838-9fcd-6ddaf022ae63
Wiggins|Alexander|Chad|01.12.1987|52225de5-b36f-465a-bc68-f338c948fd5a
Thompson|Darlene|David|21.06.1950|d5369be9-2120-4b3a-acbb-310ae9eb66e3
Fowler|Robyn|Sheryl|22.05.1973|d2bb26bf-aec7-4ab3-a47d-3dbd59f7815f
Meadows|Lisa|Jason|29.12.1995|5f1dfc3d-cb98-4ae4-a616-2371b4ec3e25
Contreras|Christopher|Lisa|10.04.1981|8eb99d5a-6808-40d2-815c-12efc2fda026
Gordon|Angela|Shawn|28.08.1992|f08762b8-0700-42f1-8bed-ab889d5c44f1
Flowers|Tina|Leslie|15.08.1989|4366c87b-5af1-4af8-83b8-f37b9d01524f
Ferrell|Yolanda|Charles|04.03.1992|19a9016d-0bfd-4af8-b276-15a5f5318d66
Wright|Jennifer|Debra|20.12.1980|4f42ce8f-d116-49b7-979a-dba307eb3527
Dalton|Anna|Tyler|09.12.2000|35b3eec0-0c5e-45e6-b319-ce87a377e818
Thomas|Jennifer|Jasmine|05.08.1999|12f9bf3f-bdb3-46ae-9f6b-c0cc079413a4
Williams|John|Albert|20.12.1978|7e1dcf68-27fa-41bc-afee-f2c2c4156794
Davis|Shawn|Melinda|24.04.1955|f6922e3c-5266-4d2c-994c-5bf88f1e36d4
Reilly|Lauren|Jennifer|05.12.1982|0e388b1d-d09f-49cf-be22-fd0d7600d676
Molina|Amanda|Julie|21.11.1972|621d89a3-16d3-4604-b760-ed6f4b4e33ed
Mccormick|Megan|Curtis|07.09.1966|8cdf74e3-b5ec-4bb2-a24e-b9d45a9095dc
Williams|Jose|Victoria|03.01.2001|2bcd5daa-68d1-4488-a7b7-76a9b87dd4e5
Jimenez|Laurie|Anthony|18.07.2001|631fbf95-4f32-47f2-9f94-44b40803b6b9
Maldonado|Emily|Taylor|16.09.1993|c2562e29-85cc-4c19-b528-a0f0a3f4f1aa
Weaver|Linda|Michael|19.12.1964|e3b63b38-f241-4489-b1d9-caa32e105303
Myers|Diana|Benjamin|31.12.1970|7116a151-7f8b-4b4e-9621-3a37c093a605
Nicholson|Lauren|Robert|26.04.1950|58d23711-2caa-4c4c-b096-efeda24d3098
Davis|Tyler|Erin|13.09.1977|c2695c61-8460-4604-bbb0-7e4473127686
Golden|Carlos|Brenda|27.05.1972|09c0f6e0-b138-48da-a847-2c7bb2321d03
James|Rebekah|Diane|20.04.1963|a749d052-62c3-4ea9-aa0e-abe102164390
Dean|Kenneth|Olivia|08.12.1969|78ce5533-e18f-46a9-a410-9fc5669fb5d6
Perry|Susan|Jeffrey|15.08.1985|bad686ba-29e0-4d7f-b0ed-20c1f67469fe
Moore|David|Jessica|04.06.1994|fa873f3f-1273-4d22-839b-e1bf45df11ac
Young|Matthew|Wayne|10.10.1968|eb39cb91-5635-438e-a6ec-38861f1b4bde
Garcia|Brandy|Tyrone|01.12.1959|4ce347ea-27f0-4dfa-a7d6-f41dd4c26e11
Wilson|Terry|Todd|12.02.1984|6a058e96-0abb-4ce3-81af-7d32b4d591b6
Bray|Stephen|Julia|30.11.1999|a86ac754-221a-4550-a9db-c4d084460d22
Johnson|Thomas|Heather|15.12.1956|a4636740-2274-4fdc-a2d0-7c58c8fa2810
Higgins|Renee|Robin|25.12.1997|ddcde05a-347c-4762-87eb-89a9ebbaf3cc
Chaney|Erin|Louis|24.04.1999|abf33196-053c-4ec5-8434-cc039e80a516
Horton|Christina|Erica|25.08.1990|4abb3559-55c9-427e-9f26-97251024e6ed
Morgan|Nichole|Judy|07.09.1988|db47bbc4-763e-49da-84b1-f81a54ddbc3c
Vazquez|Keith|John|18.02.1980|65978786-13ea-4aa2-bfa5-060b71c92e6b
Lewis|Diane|Michael|21.11.1995|87e55cd8-9536-481a-ab06-337ca7d832ce
Werner|Joshua|Lisa|14.05.1979|a66ef618-30af-4c41-8393-a1c6b9fdd7a0
Waters|Jennifer|Walter|15.10.1957|f81a0feb-31d7-4c11-84e3-f16ddbc0caaa
Fry|Jamie|Lisa|23.11.1965|4fb099f5-8fdf-44d7-9a70-ed80167eec64
Thompson|Justin|Thomas|27.11.1994|a67f1770-00c8-4060-a79b-fce1c4a7c7e9
Yates|Peter|Jessica|13.06.1967|c410eb8b-91ce-47f5-9804-2ab7eb879a02
Weiss|Matthew|Emily|23.02.1951|47b6b006-bfa9-455b-98ab-09d6b44fe035
Marshall|Donna|Jacqueline|05.04.1994|b2a92f1d-1160-4389-8924-99e3a118b510
Spencer|Jesse|William|07.09.1958|26b9c663-167a-47ba-aba6-f66619376aa4
Bennett|Laura|Carol|07.02.1967|d05a280f-77cb-4b43-85c9-f1176b0a2952
Ingram|Nathaniel|Adam|19.09.1971|1edb7f33-45ab-4540-bc16-f30e26cedf08
Wheeler|Chelsea|Leonard|19.09.1962|223c9dd9-e32d-49a5-8e9a-25f78b3966ff
Russell|Michael|Roberto|15.08.1998|3b5e07ad-97f8-4bd9-982f-49f4b3f08b64
Miller|Cheryl|Carrie|19.12.1975|4aed94aa-c8a5-4f46-9b1c-ed7858e77935
Duran|Andrew|Joseph|02.09.1956|e66cd36e-92fe-40c8-839b-00d366a38cb6
Thomas|Sheila|Rebecca|27.04.1963|86cf93ee-ff1f-484b-9dab-e4d096498e46
Gregory|Shari|Timothy|11.03.1978|baab7209-104e-43c9-8dfd-610e6a1b5e93
Williams|Katherine|Jose|09.07.2004|e3c63883-aa88-46b8-ae4e-cfacbabca044
Davis|Jason|Amber|30.06.1986|5d82e1b4-5ec1-4b75-86f9-051525f5ef13
Payne|Austin|Jonathan|25.04.1986|5d71e3a9-5654-4ddd-aa3c-f2042790394e
Wolf|Jeffrey|David|24.09.1979|1ee7fd1b-f9c5-4f8b-92de-1778ad22befd
Nguyen|Amy|Matthew|11.11.1980|1112a483-85b5-44ac-b982-3c011c9b9990
Mcdaniel|Daniel|Justin|14.02.2001|ecbcabcb-ec64-43d7-a4da-95d9d295610c
Elliott|Christopher|Nicholas|18.04.1973|925d4ebc-cd50-4432-a114-e18694bcea90
Sanchez|Tyler|Kathy|16.04.1988|d5f33c21-5f08-41f7-968c-b28713e88dbd
Brown|Jacqueline|Diana|30.04.2000|90bd8e18-3c94-4f2f-b571-d11934b6e9a7
Stanley|Anna|Kevin|04.05.1950|5607f31a-3227-4f6f-af1a-dd5b7957fc87
Smith|Henry|Tyler|06.05.1969|e007f062-5f46-41e5-9d88-715cde476d4f
Swanson|Christine|Charlotte|26.01.1966|a98ab060-36c5-41c0-907d-0a0d019c899a
Russell|Pamela|Sylvia|08.12.2000|47e4b547-3334-4cf1-9271-5c713163a295
Mcneil|Nicole|Heather|14.03.1979|e8fea851-de75-4b8a-8bff-e705818e449c
Barton|Alexandra|Nathan|20.01.1999|5ab097fd-cbbd-4bb0-a2c5-7b23a4380d7f
Ibarra|Catherine|Stacey|09.04.1988|b698ee33-1e62-4b8e-81c0-9b08ddbf542e
Matthews|Tracy|Stephanie|16.01.1953|9e6d1959-b39e-4fc8-be82-11697bc29410
Browning|Lisa|Elizabeth|29.11.1987|3e926178-6ed9-4d1b-aacb-8546c818527b
Gonzalez|Gary|Andrew|15.01.1999|96479dda-37dd-4e1f-a806-9cffcccbe185
Stevens|Crystal|Martha|17.02.2005|39f53ca0-a3ba-4146-a04f-5039dbf8a6b5
Sanders|Michael|Kristina|11.12.1982|67529ca9-c5dd-4658-aa27-60c7e5897fd5
Beck|Michael|Lauren|28.10.1956|c4e1aac2-d01d-4707-80e0-c2589c9bc09c
Keller|Melanie|Ashley|22.11.1969|bb0d6618-da4a-4eeb-adc6-ca050d22fbf0
Wilson|Debra|Rodney|10.06.1969|4581eb7e-881f-497d-83e4-e034d35c0bf6
Reyes|Sarah|Jacob|30.06.1969|9ac042bf-a6c3-4a75-a79a-849fee3ea165
Reynolds|Donald|Monica|25.11.1977|55b8752e-be17-480e-81e9-47f129f077c4
Reyes|Alicia|Jesus|05.03.1994|b28dec92-d80d-4397-8d2a-17eee3746332
Burnett|William|Christie|23.02.1954|e8e937f5-9e33-446d-985a-075662be649e
Rollins|John|Anthony|31.08.1958|c915de82-f719-4607-bb27-752772524213
Russell|Patrick|Donna|17.01.1954|299474c0-d3c5-4407-b14f-b4ee33452698
Wilkins|Katherine|Christopher|25.07.1982|4f36ab52-ba4a-4c14-ac15-2beb959e5609
Petty|Kelly|Shawna|30.09.1951|84b07bb5-09ab-4f30-984a-553bd070ae7a
Taylor|Jerome|Clinton|02.04.1973|9e92712e-3278-4c60-8176-a5deab3be089
Morgan|Todd|Patricia|09.11.1953|44bae921-1348-4f2a-a85c-330e9e5f211b
Barr|Roger|David|12.08.1982|a53af962-3787-45f6-ae42-0ebd58fb63b8
Henderson|Dave|Richard|11.09.2005|d54f15e4-127d-46e8-b398-ee749cba8aad
Ryan|Kimberly|Anna|14.01.1991|fc07da8f-2b33-40ea-959f-1f6b43c94e88
Mckay|Jonathan|Elizabeth|09.06.2003|d6c9e96e-37b6-4de8-a2cc-282887345c43
Gamble|Danny|Alicia|31.03.1972|bcf7836b-9bde-44a5-9d9f-0b8fc6b732f5
Acosta|Alex|Rachel|22.04.1999|eaf09c01-9f76-4796-9614-bad037644f35
Jones|Mathew|Ryan|01.09.1970|9089b990-ea8d-4b31-b3cc-c23be9f0c3b7
Lopez|Jonathan|Michael|30.09.1975|baab7209-104e-43c9-8dfd-610e6a1b5e93
Ho|Andrew|Andrea|16.08.1993|12622414-73ce-4b5d-aad2-2dd9d2d544cf
Herman|Cheryl|Sophia|30.05.1986|88a5b381-2214-4da0-b42c-4d93cdff9715
Walsh|Jessica|Sarah|25.12.1987|73267b9d-2e53-4adc-a751-9c30f3fb983f
White|Nicole|Ruth|21.03.1961|faa2fed3-7ad2-4163-802f-6c55f28c40ed
Mendoza|Karen|Katherine|27.09.1968|0ba80a6f-bee8-403d-8874-f03199d1a416
West|Adam|Lisa|05.06.1979|73f1ba5b-aca9-404a-9d44-0ccd62e5f139
Flynn|Tyler|Christina|17.12.1959|fa4bc2ec-6987-47b3-8de0-471f0842ff9e
Hess|Kimberly|Victor|30.08.1986|a3e8a563-5196-40bc-a4c7-4916c0d99702
Adams|Amy|Jennifer|23.04.1969|6a662f58-ed0d-415c-ab3b-e1c39d63b796
Roberson|Kerri|Adam|12.10.1977|ea0b66a0-b976-416e-8d8d-854ceda42bbb
Griffin|Douglas|Briana|13.10.1992|d78de388-d0af-49a4-b9b2-6d60c90bcbb9
Fox|Kurt|Sierra|09.12.1965|128cedf3-f9f8-4aa9-a085-acd8b6f764f2
Morgan|Diane|John|14.04.1991|2ceba3d9-0424-4cfa-bd5b-5b26b1c09c01
Contreras|James|Jennifer|26.02.1993|4ae4fde6-5020-4038-b8df-2ee1d27f0e42
Franklin|Brandon|Terri|07.08.1954|105c297d-b4af-44f7-8cd1-4c0939bae481
Nguyen|Derek|Bobby|26.08.2002|b500814b-f35a-4e9d-a9d5-0395ce82c609
Wright|Calvin|Jamie|20.10.1993|ca23b603-d549-4725-978e-563ed4076af7
Campbell|Steven|Kathryn|04.07.1952|c6fff288-e269-4917-87f1-976419d533a1
Perez|Kayla|Melissa|13.12.1977|a26fcaed-4ee0-4f9e-9db9-a484ba2b1314
White|Steve|Christina|09.05.1953|1f5ce382-5109-4dee-8a1c-f11019dfc9d3
Jones|Robert|Allison|01.03.1993|f3765715-9872-4357-84c5-042f75ce83c8
Meadows|Dylan|Adriana|01.09.1996|e71b8a4e-9cf3-45e1-b02b-12953fc0d639
Ochoa|Brenda|Steven|23.08.1970|d93aa865-3c8f-4d70-b114-fc3c52e2a8af
Gallagher|Nathaniel|Patrick|07.06.1986|5bfe16d6-7fd2-4253-9c59-5833723857e7
Dixon|Michelle|Monica|16.06.1962|5f2f6c5b-b3cd-41e0-acd2-2269d04ad93e
Kelly|Brenda|Jacqueline|17.01.2003|37f86ed3-4f9c-4f24-b268-e7b38175fdda
Ramirez|Danielle|Victoria|17.03.1991|30d46b74-99ef-4e66-8cd1-9ce65100a7f7
Reed|Douglas|Willie|29.09.1961|5548e0af-715d-40ad-bc25-58018fdb9e12
Martinez|Kristin|Diane|02.10.1950|94cb6379-09c1-491d-b30b-c1243eddcae4
Singh|Stephen|Brittany|10.11.1961|577d726d-8a75-4e93-8427-d4d4c8fc90df
Morgan|Jacob|Natalie|07.02.1950|9f2c6ddf-35bb-4aab-a2a6-40e51155b2e2
Rodriguez|Virginia|Charles|07.01.1999|8b331e62-ad26-46d0-a5b2-425744258d09
Cohen|Frances|Laura|11.10.1965|00607845-7540-4e26-8c4c-8255f80c2160
Collins|Susan|Margaret|03.06.2000|1c42af07-70de-4288-9718-cf3e44277fb5
Mitchell|Jeffrey|Lawrence|12.04.1970|6a03d902-6df1-44d1-bae0-8969027ac537
Bowen|Angela|Michele|26.01.2003|e964fc0d-edc0-4dcc-b60d-804217ebc502
Brooks|Brenda|Frank|21.05.1959|7c4644a5-b1cb-4e67-9553-eb370b183c10
Richardson|Juan|Gregory|23.07.1973|6061df15-7a69-4b47-a975-95ea62f6f6bd
Davis|Michael|Jeremiah|02.02.1970|c09a514f-29a0-4f19-aa13-094a1facce6e
Smith|William|Brad|28.08.2001|26e44041-e8cd-4a7e-a717-132ad75ae0e2
Ryan|Karen|Christopher|30.08.1955|c31f3cd0-f3e4-4f87-9316-eb994ec62435
Michael|David|Justin|31.07.1960|4b502377-000b-4e3b-999a-21adbb7a83a7
Campos|Dustin|Peter|01.03.1981|16431791-7689-4ec8-bf61-2f6eeaaaef03
Singh|Michelle|Ross|27.08.1978|56ee184d-806b-4901-bbab-b1ca876ca667
Fleming|Scott|Melissa|17.06.2001|404079fd-9798-429e-a443-371e8ea4155e
Walker|David|Kristin|23.12.1995|3fb70253-2c65-4031-a860-17ea1ace90df
Valentine|Shannon|Anna|26.01.1964|fd6382e8-d960-416e-af44-2696a638ebaa
Moon|Shannon|Cindy|09.12.1987|13d9fbc4-14cc-43ab-99da-9c7001f33c0d
Ramirez|Patrick|April|31.12.1964|8c0cc8e2-c86e-4018-ae33-e1cc0c5875b1
Rivera|David|Thomas|25.10.1993|2ef1188b-f5a2-47ab-bc24-c248654b62f3
Lee|Jeffrey|Patrick|06.10.1975|a7f9624a-c8b7-4fdf-acef-3ef4063ab057
Lynn|Frank|Kim|20.09.2001|a98ab060-36c5-41c0-907d-0a0d019c899a
Nicholson|Anna|Donald|25.10.1995|be200147-9719-4bd2-a836-1abf01e65b17
Flores|Elizabeth|Karen|07.01.1989|f5c5d621-dbb8-4d0c-990c-ac48463c603b
Wilson|Erika|Alexis|05.08.1984|f0b275cb-dd03-4123-8b5e-34d88a82b2d0
Schmidt|Lauren|Andrew|18.11.1967|05bc7146-2e8d-4599-b9b1-68a0416db013
Richardson|Matthew|Nathan|05.03.2005|6b54006f-7c75-4332-be83-4ea80d637412
Dennis|Thomas|David|25.12.1967|c74a01e0-e04e-4f54-90f7-d77f9ade88cb
Baker|Mathew|Chris|28.05.1983|8aeb0143-52a6-47f4-b05c-2082150915f3
Walters|Edward|Donna|13.05.1960|b3fb7626-2af1-4855-bbbd-c2bd95073ed8
Gonzalez|Faith|Sarah|23.05.1972|bad686ba-29e0-4d7f-b0ed-20c1f67469fe
Carroll|Robert|Todd|01.05.1982|5f056e37-42f8-4ae3-9f3b-b60603182aae
Holt|Wanda|Michael|02.05.1955|6220d330-a0a9-45a4-9c6a-f4817197b8c9
Roman|Christine|Keith|23.10.1998|2c5675bd-221d-4c8a-9b83-c943b855ef59
Love|Mary|James|13.08.1956|ddcde05a-347c-4762-87eb-89a9ebbaf3cc
Castillo|Jenna|Marisa|18.03.1999|381f5364-5889-49fd-9c64-c23e97ea5219
Bentley|Peggy|Lisa|16.10.1969|14fcd792-d441-4b5c-909c-a678f0649c54
Hill|Stacey|Kimberly|25.05.1966|6fe38294-5a0f-41d8-bd50-70a2bc5a303c
Buckley|Zachary|Nathaniel|02.08.1970|04d0b517-ce39-4ccf-a949-b2becc23689f
Marshall|Amy|Thomas|04.10.1976|271fd45b-a72b-46ef-9e25-e0c3cb74dc35
Jensen|Paul|Robert|09.12.2001|ead078a7-0db0-4bc5-809f-5ddbfc57377d
Cannon|Maureen|Emily|10.06.1969|fa6ce797-ae3f-40b1-ad5d-4437a43451d7
Cobb|Diana|Ashley|02.04.2003|bec75580-c1ed-48ab-aa0f-b598e2231dd0
Hernandez|William|Kara|29.03.1971|c8d349e3-35a8-4158-8e72-3f1422206358
Barker|Jessica|Cynthia|09.11.1978|adee2553-34b2-4147-bf54-7e20ae7bd9f0
Figueroa|Raymond|Jonathan|27.02.1995|6d2c7ef5-3eee-4550-ba02-2685f50f8347
Miller|Laura|Sydney|02.04.1995|afd6f27c-b9fb-4cd2-ade7-6b5f530dbe30
Powell|John|Kevin|30.08.1991|345787dd-d77f-4f27-a5ba-b94d52aee8ed
Jones|Angel|Kevin|08.07.1953|4d58b25a-8a81-4fe3-92d8-7771dd1c5353
Adams|Cody|Bryan|28.01.1993|2c6d54d2-b7e3-417a-93a0-2a6056c97fb3
Thompson|Tina|Tammy|28.02.1982|02bcb7a6-dca1-4814-ac87-f9af113f5bac
Wolfe|George|Brandon|23.07.1970|f3f7b153-6185-4f75-85ae-faea816cea41
Lee|Brad|Nathaniel|12.11.1963|5c88e49d-705f-4d0d-aab0-2212820223ea
Rowe|Angela|Derrick|31.01.2002|b56859ed-e342-441c-a0dd-b29088bd4842
Harris|Ryan|Chad|22.08.1976|e1cc9c45-361b-4cf6-8b94-e15bf049530d
Evans|Beth|Tiffany|31.07.1955|5c758a92-6784-4ffb-b89d-5ecd6fd7bdc0
Ray|Christopher|Brent|15.06.1960|631fbf95-4f32-47f2-9f94-44b40803b6b9
Silva|Michelle|Joshua|18.02.1952|7f670f9f-47a3-4d5c-b542-7594db030fe0
Smith|Jennifer|Larry|16.05.2005|8062040d-6b4d-48f0-9240-5d3bef8b9df1
Shaw|Eileen|William|08.10.1970|6c089bf9-7b49-4d0a-a4fe-d33cec35c1cc
Smith|Melissa|Jerry|04.02.1954|99d1daed-b5e1-48cb-a9a9-f3734790d39a
Barton|Kimberly|Eric|08.05.1970|f07f6545-0d04-43d2-b79a-b767e1a716c6
Williams|Linda|Jose|11.10.1996|e01e6bab-b3d7-4aaf-98be-9cb6327a2244
Perez|Amanda|Stephanie|09.09.1963|bf6b2703-9975-4db9-aa35-d409764172d5
Scott|Mark|Brenda|03.01.1969|5a98d48b-3bfa-437a-bc8a-fc06c480cec8
Ruiz|Andrew|Douglas|18.01.1995|5c7d42de-64cb-4925-8a8b-15694f41e620
Lane|Laurie|Amber|04.06.1953|1272a95c-80ff-48d2-8e53-0c794c9f04f6
Gutierrez|Robert|Laura|01.12.1966|a57928ad-b566-4253-9e81-95be78fefcdf
Collins|Sean|Tim|16.05.1952|1ddebb54-b730-4228-b5f3-69a7cae02f26
Adams|Stephen|Andrea|02.02.1962|f36885f9-1868-4242-92cd-72820613fff6
Fleming|Jennifer|Vicki|13.03.1996|26c1bcbe-5ffd-4745-8e79-b4fdf6f090ff
Reynolds|Michelle|Daniel|21.06.1998|05eb20d5-0db9-4d32-82fe-66da4fac7023
Wise|Teresa|Ashley|01.09.1988|e3befdf3-d5d2-4ad3-9cd5-546f894266cd
Fletcher|Kevin|Angela|04.01.1987|3feb5a25-eb4f-4479-ad37-aff5403ad2a9
Taylor|Erin|William|02.11.1955|2434beca-aa1c-4f86-8a75-237a1e13fe2e
Vargas|Kayla|David|01.10.1953|2c6b2ae5-804e-428a-b401-448f6c6a7332
Barnes|Gloria|Rachel|12.10.1999|998538e9-0258-4cf0-ad0e-cce018456f66
Sanders|Walter|Michael|02.01.1951|8d279d1e-f3e6-4a88-9852-9513e9d23f8e
Delgado|Benjamin|Brandon|26.09.1966|5bb2d6a5-5429-4b3d-a162-f2afc1428bde
Kennedy|Susan|Kimberly|24.03.1998|8bee5621-d67e-464e-864a-35b31a3f9ee9
Brown|Michael|Samantha|16.06.1989|9cbc8c3d-632b-47ca-a327-f50a070cf8f6
Mason|Roger|Lisa|08.09.1961|9894f16b-bb3a-44b3-90bf-8d0651c90a43
Ballard|Nicole|Andrew|22.09.1962|fc290240-8513-4c15-aec0-6f7a2a710e10
Mason|Chad|Paul|13.02.1995|e0173936-f3f6-46b8-aad0-dcbe5fd3384d
Moore|David|Troy|08.02.2000|85ff00ba-ccce-4911-9fb6-e08f1a3d5e1a
Fischer|Bill|Kelly|13.10.1970|77b1f4fc-f36c-4561-aa51-35f89876d886
Adams|Lawrence|William|02.08.1983|3318d088-490e-4b36-83fb-2ac66046d4fd
Mills|Tiffany|Daniel|08.04.1982|43d6e754-c369-49f6-8277-a2b0fd06849d
Dickson|Dawn|Dana|22.05.1959|d7a19e9f-edb6-4e93-bd4c-f1769019f5a8
Rodriguez|Micheal|Sarah|15.04.1998|2f3af2f2-ed8e-4d1f-966f-258a2c0f941b
Williams|Jared|Kaitlin|10.07.2000|e4dedccc-a16c-4d6f-bff1-7654609e342e
Adams|Denise|Stephanie|24.08.1983|25d4ecc0-8b72-4de3-8b66-6c4578dfb49c
Sanders|Nancy|Eric|20.12.2002|db57f196-76ca-40f8-a79f-532e4341ca75
Campos|Sarah|Shawn|11.01.1980|f4f30921-b41a-4228-872b-a63c5c820492
Wong|Blake|Connie|30.07.1978|2ea46778-8e6d-4af5-93f4-6831f318076e
Martinez|Brandon|Kara|31.05.1967|baa2f1df-8d9d-4520-be02-9211ebdad132
Alvarez|Timothy|Joshua|21.03.1984|586ceaee-a28d-46c0-ab37-259ecf09b485
Jones|Charles|Rhonda|30.07.1994|e33ba087-15ec-46f9-b0cf-787afe920c3b
Tran|Erica|Tiffany|11.04.1980|4d08f13b-6635-482f-8893-06f2262757df
Stark|Anne|Savannah|09.09.2005|8d2cc00c-f3f8-4882-a344-1e0cf4366a12
Chan|Jacob|Lisa|06.11.1967|be1fa44f-488c-4a52-b2eb-29ed48ea8f1f
Howard|Mark|James|14.07.1980|53d9913b-e179-4ec2-94d4-10cab3784313
Manning|Russell|Danny|09.12.1986|2c82a63f-9cbb-41d7-8f8a-783eeb4a8ce5
Smith|Jenna|James|18.02.1954|f6d64bbe-7e98-4ed9-ae38-807a89b6dcf6
Hart|Michael|Rebekah|02.02.1973|04da87d4-0aa1-4826-9e87-b04e4a091448
Thompson|Patrick|Amanda|20.05.1951|beba3446-7298-4be9-888b-5682f0cedb9a
Long|Timothy|Phillip|31.08.2004|327fc835-cd30-473f-8943-e9f3f46435e3
Jones|Michael|Sierra|06.07.1976|454a4538-2311-4a86-acff-eea310ca9b56
Gonzalez|Richard|Cory|17.11.1974|902f3d27-6599-479d-a06a-87b921f491d9
Hale|Jacqueline|Amy|06.04.1990|8eb1bc7f-55d5-4ce8-ae51-29db32effe51
Hernandez|Stanley|Renee|08.06.1999|79f60b22-db8d-446a-83bd-f9ec0f937250
Terry|James|Emily|15.12.1969|5480d9db-ac62-4885-ad29-06d8b16cee26
Baxter|Kenneth|Cody|30.04.1991|d6295b19-41c6-4557-b90a-66083ef449ce
Wheeler|Cody|Shelby|02.11.2004|81cab5ba-c9e9-48c8-abc7-d8f5bdc2a831
Smith|Blake|Steven|18.12.1994|cd1eaa09-9246-4a9d-962e-6dcf1b7c1c18
Melendez|Joseph|Zachary|14.02.1957|ec0992fd-4b59-4348-b4f9-7f2dce802881
Wall|Jay|William|09.04.1975|12808b71-44d9-4774-91ef-5a913eac0f5c
Jacobs|Michael|Amy|23.07.1970|a8bec021-65d0-4a0d-8978-a9607e2ecfed
Miller|Thomas|Lori|13.07.1987|81409ed7-96ac-42d7-8791-53462d0f4721
Mccarthy|Jacob|Paul|02.10.1992|0912fe8c-b07a-48cf-846f-367dd8cb65c6
Vaughn|Mary|Thomas|03.07.2000|17ee08af-d5f8-4cec-9525-5f3edce804e1
Knapp|Patricia|Nathan|19.03.1989|c3ba480e-4731-44b8-b4ac-d60b2d027708
Adams|Kylie|Alejandro|28.04.2005|b0df7ead-62cd-480a-9594-468df7349735
Tucker|Mary|Katelyn|15.12.1967|35c2e07f-4d53-438c-bbaf-c1f100e78a22
Sanchez|Preston|Charles|14.03.1950|39389a41-9ac7-487d-ac48-a5307d8f75cf
Garcia|Brian|Patrick|21.06.1996|54aa6e4a-e3fe-4745-97b9-a424e0a67c7a
Vasquez|Brenda|Jennifer|06.01.1972|7b110980-cf56-4a7a-8ca6-13c3b5198763
Ryan|Nicholas|Andrew|08.06.1976|f406a2a3-a7c6-4990-9f6e-5a88687f87c3
Contreras|Eugene|Stephanie|19.07.1987|0f75f61c-b185-4f6d-9df3-df6be61e2049
Brown|Mary|Amanda|20.04.2005|4068b3c7-53c8-4764-9b7f-84a6e362ed35
Ho|Paul|Manuel|19.12.1954|2547df35-69fe-4790-920d-fc788b128f83
Campos|Jessica|Travis|19.02.1984|a5a6a763-6c7e-4eff-bb60-6bc5a0924c4b
Collier|Patricia|Patrick|17.10.1991|9aa1bf13-fa3b-4215-b600-846772bcfbea
Mays|Joy|Lori|13.06.1983|d1e8141b-010f-4156-8878-be0ec4d5611c
Baldwin|Timothy|Mark|23.11.1966|824dd112-eea3-4a74-8767-e3bbef3ac997
Parker|Jennifer|Hannah|05.09.1953|c3681687-89e0-41a0-b188-b62acd0c2858
Santana|Jason|Gina|31.12.1951|25f94c81-41af-490e-a0e6-1ae931e07315
Jordan|Dakota|Carmen|05.01.1975|e13d9dce-7dba-49d6-9fa1-c7b545a25b59
West|Brian|Wesley|26.09.1970|afb3339a-486d-4ccb-b1cc-6402efbbc7ad
Brown|Lacey|Larry|22.03.1995|b90d0ffe-f73c-4e80-8480-48d8b2634795
Raymond|Jennifer|Robert|01.11.2005|8585179a-aadd-424d-bd43-ae6635489530
Rubio|Michael|Heather|06.05.1980|fc722dcf-fb69-4d42-92b7-06a3e37a86e8
Griffin|Amanda|Michael|25.09.1953|b5942580-0887-4230-9cbc-2724772a4e41
Rodriguez|Jennifer|Kimberly|13.04.1993|d753be9d-bee4-4924-bbab-644738f829e9
Ruiz|Angela|Scott|25.07.1958|15d80552-a4ba-4ec9-9939-acbe9e584b06
Williams|Brian|Tony|30.01.1951|32934ee6-ce22-4119-b1f5-958ad8806128
Rogers|Nicholas|Tonya|08.01.1980|17176b64-c938-4501-826e-607bfe2bdb7c
Warren|Roberto|Courtney|24.09.1992|026c8c18-6999-4a36-bae8-2d588975c7ec
Rivera|Adam|Joshua|15.06.1992|08ba666f-e657-4127-8105-fd960835834b
Wilson|Matthew|Stacey|08.07.1955|a46b4b0d-1186-4691-94f2-6284f947fe03
Velasquez|Bruce|Michael|22.06.1957|ccd52e65-4410-4a00-8ab3-0f0963c4f2f4
Warren|Caitlin|Patricia|04.04.1973|6995a850-93f6-4584-8e2a-162fc6f81d88
Kennedy|Carrie|Megan|12.07.1988|abc8aac6-9e1d-4947-b98e-fce418e5f5f9
Wong|Darlene|Annette|08.09.1971|c2cabd82-1967-4d5f-91df-23c759e37413
Hopkins|Jason|Jasmin|26.12.1984|bfd87e6c-8ff4-4a5c-a6dd-3a5103a00ceb
Griffin|Elizabeth|Alexander|02.10.1990|2df917b0-60f3-4a0d-9105-dd814a27779b
Russell|James|Richard|18.08.1972|78bb9214-66af-449a-9d2e-af1483c50833
Townsend|Thomas|Kelly|02.12.1954|8445a13d-b179-466a-bca3-e288802c0fb5
Fernandez|Sean|Stephen|19.10.1999|175cf973-6ba2-464a-adb3-b44db87112ee
Sandoval|Shane|Allison|10.05.1989|768cade3-ac87-4d4a-b2d9-5575217582d6
Carr|Aaron|Peter|14.10.1990|09fa16a0-659e-4375-927e-5860fecece87
Wood|Michelle|Tiffany|28.07.1972|78bc128c-62a4-4076-95a9-5358ee7fd1d8
Moreno|Richard|Eddie|22.01.1950|293d9a76-2791-417e-8a6e-4671003eb2ba
Norris|Kim|Mariah|25.11.1985|e5df32f2-66d2-407a-9774-a68e3e744fca
Avila|Laurie|Jacob|29.08.1970|82b5dc73-4a0e-42a9-a524-6e417a6acdbc
Alexander|Angela|Robin|24.11.1967|41440649-b5b3-4493-b728-09506958bbb2
Kent|Jay|Ian|14.06.1968|9948864f-9cab-47a9-a42e-e0c3e21e2e11
Cain|John|Michael|23.11.1951|8adf40be-8755-447b-8e35-6ae83ce5bde0
Cabrera|Alicia|Monica|06.02.1994|e5b12fca-2444-4c27-a1d3-24d3a7ecc967
Jones|Erika|Anita|10.06.1984|a3b1a343-0e28-4f0a-865a-35ef7b7eaeb6
Levine|Ashley|Karina|06.03.1967|773697f1-a311-4f65-afab-8d02b301027b
Ramirez|Ian|Annette|06.02.1995|83e23c67-a40b-47d8-889e-ed932e246f08
Hernandez|Kristina|Kathryn|15.02.1961|581e132c-c071-44c6-8c6c-4991539742fe
Hammond|Maureen|Alexis|14.02.1970|f30fa500-bd4a-425b-afe8-8e66753f8040
Mullen|Kaitlyn|Beverly|28.08.1993|980217b1-4752-4f25-8404-678eccc2f96a
Ortega|Tracy|Larry|23.10.1990|0a134955-53fc-4911-9255-499919d079a4
Johnson|Marie|Darryl|09.12.1995|4eebe3ee-8008-445f-9406-1ef8a3465561
Oneill|Ashley|Cassandra|25.02.1953|621a5acb-c388-446d-a43a-8456faed3051
Baldwin|Christine|Paul|18.05.1988|c7d4fbd9-cc38-487a-a68e-1811b91e2fce
Hayes|David|David|19.03.1969|fa0632b3-c92c-4c67-a69e-abc6978f3671
Arnold|Chad|John|16.09.1981|fd150000-7325-4598-b12b-e49ea0371b15
Mcdonald|Mario|Joshua|17.09.1950|e0006596-6354-4069-b80f-038ef542526e
Mcintyre|Taylor|Anthony|04.04.1985|9948d037-630a-4dc7-9eb3-6c540567d789
Hobbs|Jessica|Michelle|26.12.2004|8ea85f2d-c945-4bda-a1de-fa7885959a19
Sawyer|David|Robert|12.11.1980|1b17404b-627d-4159-9136-5558383c2509
Roberts|Alyssa|Vincent|20.01.1969|5f1acf87-d610-428a-9630-5c7819a73651
Mendez|Joseph|Matthew|20.11.2001|d9c56b66-96ad-4799-959f-9a2293e2113b
Anderson|Nichole|Jonathan|27.06.1969|c6c0a7c3-6b07-4acc-8046-d2a858355f75
Harrison|Savannah|John|05.03.1953|aa04fe4f-60e6-4b4d-9f9f-3b35b03256b9
Dixon|Heather|Hannah|19.02.1971|31830685-6f34-4a30-9968-e3a86621ea6b
Williams|Kimberly|Ryan|12.09.1994|b711d294-51c9-4a49-aa68-5178a5ec8ed2
Gomez|Clifford|Samuel|24.01.1950|beba3446-7298-4be9-888b-5682f0cedb9a
Christian|Jeffery|James|19.01.1994|b2f74b01-0d32-4944-8def-9706f8a1fbe0
Mitchell|Joyce|Emily|29.08.1977|04fb7e16-130b-48be-a7fb-b4c6308a889e
Pena|Matthew|Mason|15.01.1953|96fdfa1c-5725-4e82-ba34-ad2429f8d62a
Ortiz|Brandy|Adrian|02.10.2005|0aa65b4c-91b5-4642-b913-c45fd954992f
Faulkner|Brian|Joseph|08.05.1966|b8377326-ee87-4d29-bd4d-2408d4827024
Salinas|Claire|Todd|08.09.1991|b639f896-ef23-4357-92a3-cad20f64c80c
Russell|Vanessa|Renee|05.09.1997|25c35463-39fe-4f9b-b53f-970d71a903a7
Rodriguez|Carolyn|Robert|09.05.1960|69aae61e-6db0-4d58-bacf-348fe286a78a
Downs|Russell|Hannah|23.07.1980|dc280484-dbcd-4d81-9eee-13a6019edc9b
Carter|Michele|Susan|26.07.1958|8f439888-de41-4cf3-9830-60f5f0640e0a
Newman|Maria|Cindy|08.03.2004|a71bae6f-740f-48e2-9c1a-4d57b4b45b20
Chang|Shawna|Catherine|27.09.1992|e88e9743-886d-493d-a3fd-34c7f3a62502
Wilson|Luke|Jennifer|14.04.1969|a1499694-aab8-413a-9b91-3d7ddc8af092
Lara|David|Joseph|16.02.1988|5699a04d-afff-4361-9bc9-a8deaa9031e8
Perkins|Nicole|Melissa|30.04.2001|c4206485-2f26-4df2-ab93-333d623df970
Henry|Christopher|Colin|29.05.1971|c14d8872-bfb2-424c-933b-8eb773b24e2c
Tucker|James|James|03.02.1999|4a89a63f-37c3-434a-b0ae-bc12aca5b752
Duarte|Cheryl|Lauren|06.01.1997|b2a0e43d-5728-4808-85eb-ee35e20b8f6e
Herring|Gabriella|Brian|18.05.1998|c2fc8290-0569-40d6-8b05-5e3a68e2887a
Johnson|Timothy|Christopher|04.11.1970|312769c1-517d-444c-b6f3-0f91478999fb
Chen|Adam|Timothy|07.03.1981|8928215c-40f7-4b15-8018-e733edf48f8d
Rios|Todd|Scott|27.07.1954|abd96323-ea8d-43f8-ad2d-19442f4e0886
Parrish|James|Sandra|17.09.1998|d4ca8393-77b4-42ce-89d6-4115fdc3f81f
Howell|Jason|Mark|24.03.1951|cea46c22-5660-409a-a18c-539348881077
Odom|Cindy|Crystal|18.09.1990|ec1119f6-0a16-44db-bfdc-658adbb01589
Decker|Brandon|Jessica|27.12.2001|c73e4407-86cb-4b06-84c2-163ebfb0e8f3
Ortiz|Jacqueline|Francis|09.02.1965|90bf704c-4799-4c7d-a0d8-d6c6b50aaeb7
French|Allison|William|27.08.1994|dd7960e2-3847-4a38-b7aa-dcc5bea10f8a
Jones|Steven|Derek|20.06.1985|8d279d1e-f3e6-4a88-9852-9513e9d23f8e
White|Kathryn|Tammy|08.09.1996|c4e1aac2-d01d-4707-80e0-c2589c9bc09c
Singleton|Lisa|Michelle|20.02.1993|77d14cee-b777-42bb-afda-355dd23d69e4
Salazar|Toni|Alejandro|05.04.1992|ec0c9667-8c57-42a6-9e25-5cdd39fad9fe
Harris|Katherine|Renee|06.09.1952|4eebe3ee-8008-445f-9406-1ef8a3465561
Bailey|George|Melissa|29.03.1966|d625ad2e-abbb-4557-a519-921b92f3cc4c
Jones|Eric|Amanda|18.07.1967|62070cd4-0462-4004-a1c2-791eb8e3c6e2
Marshall|Debbie|Patrick|17.08.1968|53d7dfe9-13a2-4a39-9e74-7c96547298fd
Bell|Brett|Tracy|23.11.1971|56e9faab-e83a-4aea-bab2-1603e4014377
Weaver|Kristina|William|06.01.1974|2ea46778-8e6d-4af5-93f4-6831f318076e
Rivera|William|Paula|05.07.1990|5107f7b2-bb26-4afc-aef2-b9e818b3a1f4
Cole|Laura|Mark|14.02.2002|cdfc4c40-a0c6-40c3-a233-0caf8e19bb18
Martinez|Craig|James|24.12.2005|7b04e1d6-ae21-4683-9830-5fb0a71dc653
Kirk|Kayla|James|14.03.1963|367ef6b6-8901-4ddc-942c-5f9da1b945c8
Fisher|Brandy|Daniel|06.08.2000|db47bbc4-763e-49da-84b1-f81a54ddbc3c
Combs|Kayla|Travis|30.10.1953|464158e7-2d52-4063-ab45-d4a1583662e9
Edwards|Albert|Peter|14.05.1993|91f24674-eeaf-4bbe-a4c0-181abceb976f
Ochoa|Robert|Laura|29.08.1976|fa34d265-c19f-4ff6-84ec-409628bb821a
White|James|Matthew|17.07.1970|d5369be9-2120-4b3a-acbb-310ae9eb66e3
Mitchell|Renee|Keith|19.08.1963|de5293c2-5d6e-48bd-84aa-3f5f3b056a8d
Miller|Kimberly|Jillian|26.04.1985|56fe636f-3ac2-4c57-8a39-bbb4eea854ac
Anderson|Christine|Stephanie|30.04.1989|93fc3131-97c4-4f53-9855-0ec6a19ed72d
Moore|Robert|Erin|27.11.2000|cb05c2f2-e5a8-4110-9f04-f080457325f9
Evans|Thomas|Derek|09.12.1971|bde9bc4e-1eee-4864-abbd-d9f90ba94f63
Jackson|William|Belinda|14.06.2002|388473a2-2630-415e-ac50-130f1ce2f0fa
Dawson|Cody|Jenny|18.07.1982|43c53430-85dc-40ec-b980-d9ade1c0a995
Taylor|Sierra|Matthew|01.02.1956|2c82a63f-9cbb-41d7-8f8a-783eeb4a8ce5
Horton|Jacob|Richard|09.09.1959|02e4cf2c-ce76-434f-a464-7f9a3f147231
Monroe|Travis|Kristi|30.01.1972|d7a31a72-4f97-46b4-86f6-d6bf169eba8b
Garza|Jeffrey|Michael|02.03.1990|c2884052-cd8c-4153-ab9f-5f9a94b15965
Daniel|Michael|Justin|11.06.1959|9e30cbef-b815-4f98-a428-c9bd28010cc8
Pierce|Anthony|John|24.08.1993|bea1b8aa-d63e-4ad2-99fe-5b949351c663
Simpson|Mary|Shannon|21.08.1968|490ff81d-3a7d-4e3c-85d6-a7e03088a143
Jones|Sandra|Kevin|10.04.1958|5cd95907-20bd-4e62-8b64-4f2894cd5bcb
Shelton|Katherine|Heather|02.02.1962|adee2553-34b2-4147-bf54-7e20ae7bd9f0
Henderson|Jordan|Judith|24.07.1971|bfca00d5-5922-47f8-998b-1c8b79217694
Stokes|Scott|Jeffrey|04.01.1950|5e9ceedb-4f88-4474-a6a3-25272dc301d5
Davis|Colleen|Jeffrey|28.06.2004|0912fe8c-b07a-48cf-846f-367dd8cb65c6
Hernandez|Jacqueline|Megan|09.02.1961|4dd17e28-f584-4573-925e-7268ae6145b4
Cruz|Mary|Rebecca|09.10.1960|2558de65-ef8d-4405-a92b-d8ded46426d5
Pennington|Pamela|Cindy|05.12.1964|24e4b5e9-e8f7-4b55-b66f-0d1c53b09013
Klein|Heather|Julia|28.07.1956|bb08a3b3-64ef-4ddd-a3ea-68dc54b800b6
Nguyen|John|Paula|22.11.1961|042e8c38-11b7-4098-a351-58827106e18b
Reynolds|Jonathan|Scott|03.12.1973|8840a201-9266-4a9b-8c2e-3db0f6a7a2e7
Morris|Michael|Claire|11.08.2005|f74e2163-d092-4484-bbd7-c5cb2e260353
Thomas|Dana|Steven|04.01.1950|ac3eedab-d1c4-4a69-8771-aec8da229f11
Johnson|Allison|Natalie|23.11.1993|b8433652-731f-4e99-a5d7-1fc819ef462a
Kent|Duane|David|09.12.1989|0756f8a6-57ab-4617-8be1-9b949a3de48f
Perez|Erica|Kenneth|31.05.1950|bbfd0ab3-e7b2-42ac-beec-36277ad2867e
Cooper|Sergio|Meghan|06.12.1953|7d220a6f-c7f9-4e5a-ae42-a8649aca1574
Brown|Gregory|Jennifer|20.04.2002|22b6ce06-cdc4-4520-baf1-30dc06132a4c
Novak|Alexandra|Elizabeth|11.01.2003|734512a3-c801-45d2-8750-2ab8a9206a68
Hughes|Natalie|Theresa|23.09.1994|58cc069b-350a-49bc-9e4c-2cc8b10f0a15
Brown|Kathleen|Danielle|22.11.1957|ca83e7e7-a25f-49c8-bde1-8474ad31425c
Wheeler|Emily|Austin|31.05.2005|a9697e21-0b3b-40c6-ab72-f7b323fb677f
Gonzalez|Travis|Peter|28.01.1951|1551f196-7d20-478f-9d5a-fecfad79918e
Andersen|Nicole|Melissa|09.11.1995|5f57ffe2-1f51-4322-98de-dc25a99129a3
Hall|Christopher|Jose|06.02.1998|0723aca6-91ea-4183-b33b-df4932639b28
Barajas|Emily|Jordan|24.12.1983|615a306d-562c-47f8-8949-3472b11a822b
Landry|Tammy|Jill|27.12.1986|d78de388-d0af-49a4-b9b2-6d60c90bcbb9
Grant|Darrell|Jose|04.01.1991|f6ed9020-fe82-4ebc-ae12-bd421841f586
Morris|Michael|Mark|21.02.1973|cef6eae9-7ab3-47d4-a4b7-3bc6460fe47a
Riley|Catherine|Annette|05.11.1961|775b4469-720d-4fc2-aab0-224faf04796f
Parker|Brittany|Brianna|16.03.1953|532a624d-deac-4029-b786-c71139d0a3c9
Garcia|Zachary|Matthew|08.08.1976|d626485e-7d09-48af-93a0-9a305bca2e9c
Dillon|Brian|Richard|01.12.1956|41c5048a-7547-4bc2-9b99-d681127853de
Keith|Cody|Jacqueline|04.06.1992|717c2d7a-2662-4fb2-b50c-b53abf9620fd
Gaines|Andrea|Luis|29.11.1969|40864ee2-fd1c-4122-9efa-c1ddb8a8ee80
Dunn|Michael|Howard|18.09.1997|73145b27-4bd1-468d-8f87-305bf6d341ee
Zimmerman|Sean|Amber|19.06.1964|ccd465ee-b301-420f-b559-debcaa213ece
Williams|Michelle|Andrew|16.02.1964|c6fff288-e269-4917-87f1-976419d533a1
Nelson|Robin|Allison|05.09.1990|6b262fcf-9564-4945-823a-80f1c934aea4
Gonzalez|Donald|Amanda|02.04.1969|b756a21f-60c6-4052-9956-dab72b2f966d
Reynolds|Cynthia|Eric|01.05.1973|6ebf4d5e-09d4-4f7c-b2ea-7e59642d42a6
Ford|Susan|Caitlin|21.02.1995|0d52c859-2718-4eba-83be-353c33d86213
Williams|Cory|Amber|06.01.1986|bcc9a11d-9b66-40dd-af5a-57dc3f0eb17e
Turner|Michael|Scott|18.02.1967|cd284539-49f5-4188-9be0-d8be1f821226
Ramsey|John|Troy|30.03.1951|b0c55047-1fb3-4dfd-9a2a-c72c663f0543
Figueroa|Timothy|Donald|15.12.1975|450807d4-486f-4f2e-8239-7c056c2875a4
Wheeler|Eduardo|Patricia|07.11.1974|f2fd5cbc-0ade-4c64-84f3-25c661bfd80b
Joyce|Kathleen|Jeffrey|07.04.1998|3a689440-92e3-48f4-8ddb-2a18da410d0c
Wilson|Jennifer|Kathryn|06.02.2000|f08762b8-0700-42f1-8bed-ab889d5c44f1
Winters|Alan|Amy|14.01.2001|ec16ad7b-ce7c-4a66-b107-a5bfa8cd6cff
Keller|Kevin|Lisa|12.06.1963|f81a2ae5-a9fd-4ce8-8ef3-6dc16ff31ffb
Contreras|Donna|Carlos|01.11.1987|e3eccb3f-7866-4099-bf1d-29dc6ff16289
Gill|Tonya|Diamond|07.06.1968|75ef8f1d-4005-4458-8f46-d9d7a90e7b77
Ford|Daniel|Darlene|06.12.1966|f082ef13-c02d-4c50-a188-bee51039adce
Bennett|David|Ronald|14.11.1996|eeda84b8-7287-474f-bac8-3d03f2687c64
Scott|Bobby|Robert|19.11.1988|b25b86a7-89c1-461d-ab9f-530ecfe88097
May|Peter|Marvin|14.09.1989|f8ae6803-d272-440d-a65b-18a4bc1662c7
Smith|April|Michael|02.01.1990|f19ea3a7-ea7b-47cb-ad31-327110783b44
Johnson|Michael|Jamie|07.03.1953|73c47c62-9525-48d1-8a77-42a2c7e8f5b9
Howard|Cynthia|Dana|27.05.2002|2fe52abf-ac6a-4fcf-8fd8-a97c91902fc1
Diaz|Mark|Sean|20.09.1999|2024b124-c08b-449e-b55a-cf4ecced0eff
Benson|Christopher|Vicki|08.10.1953|ff95f2e3-b50e-4e6c-8add-db6cfb6dc6ba
Jones|Barbara|Cathy|07.07.1959|544f480e-029a-4513-a278-514eca044af8
Parker|Jessica|Bryan|01.04.1973|b71d5eba-4231-4ca5-82a4-016cafe7ffd9
Lopez|Daniel|Karen|30.05.1974|6920e357-ca07-4134-a4f4-a2bf75f807e8
Mahoney|Leonard|Marcus|29.12.1982|fa0632b3-c92c-4c67-a69e-abc6978f3671
